name,smiles,qed,sa,logp,logp_fit,logs,tox,mw,mutation,kept,ehvi_2d
ring_Cl@6,CC(C)Cc1ccc(C(C)C(=O)O)c(Cl)c1,0.8709205568185443,2.493791106707251,3.726600000000002,-1.2266000000000021,-4.156284000000001,0.0,240.72999999999996,ring_Cl@6,True,0.004883128296250486
gen2|ring_Cl@7,CCC(C)Cc1ccc(C(C)C(=O)O)c(Cl)c1,0.8583851773298579,2.8801113960677824,4.1167000000000025,-1.6167000000000025,-4.423014400000001,0.0,254.75699999999998,gen2|ring_Cl@7,True,0.0021961315419673604
methyl_add@1,CC(C(=O)O)c1ccc(CC(C)(C)C)cc1,0.8465527615212587,2.3982130847292282,3.463300000000002,-0.963300000000002,-3.9298134000000005,0.0,220.31199999999995,methyl_add@1,True,0.0015715318693656811
gen2|methyl_add@6,Cc1cc(CC(C)(C)C)ccc1C(C)C(=O)O,0.8639622529748727,2.6392248975151595,3.771720000000002,-1.271720000000002,-4.211085400000001,0.0,234.339,gen2|methyl_add@6,True,0.0014308683003836573
gen2|ring_Cl@6,CCC(C)Cc1ccc(C(C)C(=O)O)cc1Cl,0.8583851773298579,2.842717549913935,4.1167000000000025,-1.6167000000000025,-4.423014400000001,0.0,254.75699999999998,gen2|ring_Cl@6,True,0.0013662469707684081
gen2|ring_Cl@6,CC(C(=O)O)c1ccc(C(C)C(C)C)cc1Cl,0.8704496582329422,3.0209386687950532,4.287600000000004,-1.7876000000000039,-4.596681400000002,0.0,254.75699999999998,gen2|ring_Cl@6,True,0.0012389680802649301
ring_F@6,CC(C)Cc1ccc(C(C)C(=O)O)c(F)c1,0.8522072429798626,2.529708689124833,3.2123000000000017,-0.7123000000000017,-3.7302540000000004,0.0,224.27499999999995,ring_F@6,True,0.001016792266700501
gen2|ring_OH@6,CC(C(=O)O)c1ccc(CC(C)(C)C)cc1O,0.8470757086742678,2.7665717506620133,3.168900000000002,-0.668900000000002,-3.8435352000000007,0.0,236.31099999999995,gen2|ring_OH@6,True,0.0008978481512645908
gen2|methyl_add@7,Cc1cc(C(C)C(=O)O)ccc1CC(C)(C)C,0.8639622529748726,2.6392154569557196,3.771720000000003,-1.2717200000000028,-4.211085400000002,0.0,234.33899999999997,gen2|methyl_add@7,True,0.0007755851905106061
gen2|ring_F@7,CC(C(=O)O)c1ccc(CC(C)(C)C)c(F)c1,0.8731153992498076,2.656925946466208,3.602400000000003,-1.102400000000003,-4.128984400000001,0.0,238.30199999999994,gen2|ring_F@7,True,0.0007513480309173717
methyl_add@6,Cc1cc(CC(C)C)ccc1C(C)C(=O)O,0.8441748583635651,2.4639724253885706,3.3816200000000016,-0.8816200000000016,-3.812355000000001,0.0,220.31199999999998,methyl_add@6,True,0.0007398841133602722
methyl_add@10,CC(C)Cc1ccc(C(C)(C)C(=O)O)cc1,0.8453340177669028,1.9171528709527266,3.247300000000002,-0.7473000000000019,-3.727733400000001,0.0,220.31199999999998,methyl_add@10,True,0.000728249617788463
ring_F@5,CC(C)Cc1ccc(C(C)C(=O)O)cc1F,0.8522072429798626,2.4767405572567007,3.2123000000000017,-0.7123000000000017,-3.7302540000000004,0.0,224.27499999999995,ring_F@5,True,0.0006693235567579378
methyl_remove@11,CC(C)Cc1ccc(CC(=O)O)cc1,0.795449500750072,1.5585850391334333,2.5122,-0.012199999999999989,-3.0906856000000005,0.0,192.25799999999998,methyl_remove@11,True,0.0006482613848339466
gen2|methyl_add@2,CCC(C)(C)Cc1ccc(C(C)C(=O)O)cc1,0.8397359203844647,2.569021960452222,3.8534000000000024,-1.3534000000000024,-4.130543800000001,0.0,234.33899999999997,gen2|methyl_add@2,True,0.0006083621850331705
methyl_add@5,Cc1cc(C(C)C(=O)O)ccc1CC(C)C,0.8441748583635651,2.457593304509448,3.3816200000000016,-0.8816200000000016,-3.812355000000001,0.0,220.31199999999998,methyl_add@5,True,0.0005528042758081789
gen2|ring_OH@7,CC(C(=O)O)c1ccc(CC(C)(C)C)c(O)c1,0.8470757086742678,2.7557748975151597,3.1689000000000016,-0.6689000000000016,-3.8435352000000007,0.0,236.31099999999995,gen2|ring_OH@7,True,0.00030018361993596615
gen2|methyl_add@0,CCC(C(=O)O)c1ccc(CC(C)(C)C)cc1,0.8586896352570556,2.46168657583684,3.8534000000000033,-1.3534000000000033,-4.1965438000000015,0.0,234.33899999999994,gen2|methyl_add@0,True,0.00019047196300572486
gen2|ring_F@7,CC(C(=O)O)c1ccc(C(C)C(C)C)c(F)c1,0.8664421307559925,2.9887904170468023,3.7733000000000025,-1.2733000000000025,-4.1706514000000015,0.0,238.30199999999996,gen2|ring_F@7,True,0.00016237064265735984
ring_OH@6,CC(C)Cc1ccc(C(C)C(=O)O)c(O)c1,0.8231456099242039,2.597383414399559,2.7788000000000004,-0.2788000000000004,-3.4448048,0.0,222.28399999999996,ring_OH@6,True,0.00016186285105095413
