name,smiles,qed,sa,logp,logp_fit,logs,tox,mw,mutation,kept,nsga_rank,crowding
methyl_add@1,CC(C(=O)O)c1ccc(CC(C)(C)C)cc1,0.8465527615212587,2.3982130847292282,3.463300000000002,-0.963300000000002,-3.9298134000000005,0.0,220.31199999999995,methyl_add@1,True,0,inf
gen2|ring_Cl@7,CC(C(=O)O)c1ccc(CC(C)(C)C)c(Cl)c1,0.8811776464829337,2.6367734989137617,4.116700000000003,-1.6167000000000034,-4.555014400000001,0.0,254.75699999999995,gen2|ring_Cl@7,True,0,inf
gen2|ring_OH@8,Cc1cc(CC(C)C)c(O)cc1C(C)C(=O)O,0.8441946815072647,2.850262310102572,3.0872200000000003,-0.5872200000000003,-3.7260768000000004,0.0,236.311,gen2|ring_OH@8,True,0,inf
gen2|ring_OH@9,Cc1cc(CC(C)C)cc(O)c1C(C)C(=O)O,0.8441946815072647,2.780342380032641,3.087220000000001,-0.5872200000000012,-3.7260768000000004,0.0,236.31099999999998,gen2|ring_OH@9,True,0,inf
methyl_remove@11,CC(C)Cc1ccc(CC(=O)O)cc1,0.795449500750072,1.5585850391334333,2.5122,-0.012199999999999989,-3.0906856000000005,0.0,192.25799999999998,methyl_remove@11,True,0,inf
gen2|methyl_remove@0,CC(C)(C)Cc1ccc(CC(=O)O)cc1,0.8252347677817984,1.7831242726500722,2.902300000000001,-0.4023000000000012,-3.4894160000000003,0.0,206.28499999999997,gen2|methyl_remove@0,True,0,0.7106482290556996
ring_Cl@5,CC(C)Cc1ccc(C(C)C(=O)O)cc1Cl,0.8709205568185443,2.4613548429709873,3.726600000000002,-1.2266000000000021,-4.156284000000001,0.0,240.72999999999996,ring_Cl@5,True,0,0.5702087866670499
gen2|methyl_remove@10,CCC(C)Cc1ccc(CC(=O)O)cc1,0.8038893125676474,2.162439566833971,2.902300000000001,-0.4023000000000012,-3.3574160000000006,0.0,206.28499999999997,gen2|methyl_remove@10,True,0,0.5187582882638899
gen2|ring_Cl@9,Cc1cc(C(C)C(=O)O)c(Cl)cc1CC(C)C,0.88070656852683,2.745749023389287,4.035020000000002,-1.535020000000002,-4.437556000000001,0.0,254.75699999999998,gen2|ring_Cl@9,True,0,0.4814244817760046
gen2|methyl_add@4,Cc1cc(C(C)(C)C(=O)O)ccc1CC(C)C,0.8645707367787422,2.1794123860363595,3.5557200000000018,-1.0557200000000018,-4.009005400000001,0.0,234.339,gen2|methyl_add@4,True,0,0.45726654063120403
ring_F@5,CC(C)Cc1ccc(C(C)C(=O)O)cc1F,0.8522072429798626,2.4767405572567007,3.2123000000000017,-0.7123000000000017,-3.7302540000000004,0.0,224.27499999999995,ring_F@5,True,0,0.43733164312478434
ring_OH@6,CC(C)Cc1ccc(C(C)C(=O)O)c(O)c1,0.8231456099242039,2.597383414399559,2.7788000000000004,-0.2788000000000004,-3.4448048,0.0,222.28399999999996,ring_OH@6,True,0,0.4330271693660535
