mutation,smiles,kept,qed,sa,logp,logp_fit,logs,tox,mw
SEED,CC(C)Cc1ccc(cc1)C(C)C(=O)O,True,0.8215995486924976,2.1917554204925054,3.073200000000001,-0.5732000000000008,-3.5310830000000006,0.0,206.28499999999997
methyl_add@0,CCC(C)Cc1ccc(C(C)C(=O)O)cc1,True,0.824655896819303,2.6022766527240364,3.463300000000002,-0.963300000000002,-3.797813400000001,0.0,220.31199999999998
methyl_add@1,CC(C(=O)O)c1ccc(CC(C)(C)C)cc1,True,0.8465527615212587,2.3982130847292282,3.463300000000002,-0.963300000000002,-3.9298134000000005,0.0,220.31199999999995
methyl_add@3,CC(C(=O)O)c1ccc(C(C)C(C)C)cc1,True,0.8408077755683179,2.730693289575557,3.6342000000000025,-1.1342000000000025,-3.971480400000001,0.0,220.31199999999998
methyl_add@5,Cc1cc(C(C)C(=O)O)ccc1CC(C)C,True,0.8441748583635651,2.457593304509448,3.3816200000000016,-0.8816200000000016,-3.812355000000001,0.0,220.31199999999998
methyl_add@6,Cc1cc(CC(C)C)ccc1C(C)C(=O)O,True,0.8441748583635651,2.4639724253885706,3.3816200000000016,-0.8816200000000016,-3.812355000000001,0.0,220.31199999999998
methyl_add@10,CC(C)Cc1ccc(C(C)(C)C(=O)O)cc1,True,0.8453340177669028,1.9171528709527266,3.247300000000002,-0.7473000000000019,-3.727733400000001,0.0,220.31199999999998
methyl_add@11,CCC(C(=O)O)c1ccc(CC(C)C)cc1,True,0.824655896819303,2.2690858933159923,3.463300000000002,-0.963300000000002,-3.797813400000001,0.0,220.31199999999995
methyl_remove@0,CCCc1ccc(C(C)C(=O)O)cc1,True,0.7960290476843871,2.1239140209839658,2.8272000000000004,-0.3272000000000004,-3.2891356000000007,0.0,192.25799999999998
methyl_remove@11,CC(C)Cc1ccc(CC(=O)O)cc1,True,0.795449500750072,1.5585850391334333,2.5122,-0.012199999999999989,-3.0906856000000005,0.0,192.25799999999998
ring_F@5,CC(C)Cc1ccc(C(C)C(=O)O)cc1F,True,0.8522072429798626,2.4767405572567007,3.2123000000000017,-0.7123000000000017,-3.7302540000000004,0.0,224.27499999999995
ring_Cl@5,CC(C)Cc1ccc(C(C)C(=O)O)cc1Cl,True,0.8709205568185443,2.4613548429709873,3.726600000000002,-1.2266000000000021,-4.156284000000001,0.0,240.72999999999996
ring_OH@5,CC(C)Cc1ccc(C(C)C(=O)O)cc1O,True,0.8231456099242039,2.597439458355602,2.778800000000001,-0.2788000000000008,-3.4448048,0.0,222.28399999999996
ring_F@6,CC(C)Cc1ccc(C(C)C(=O)O)c(F)c1,True,0.8522072429798626,2.529708689124833,3.2123000000000017,-0.7123000000000017,-3.7302540000000004,0.0,224.27499999999995
ring_Cl@6,CC(C)Cc1ccc(C(C)C(=O)O)c(Cl)c1,True,0.8709205568185443,2.493791106707251,3.726600000000002,-1.2266000000000021,-4.156284000000001,0.0,240.72999999999996
ring_OH@6,CC(C)Cc1ccc(C(C)C(=O)O)c(O)c1,True,0.8231456099242039,2.597383414399559,2.7788000000000004,-0.2788000000000004,-3.4448048,0.0,222.28399999999996
gen2|methyl_add@0,CCCC(C)Cc1ccc(C(C)C(=O)O)cc1,True,0.8112867986470567,2.658862566636344,3.8534000000000024,-1.3534000000000024,-4.064543800000002,0.0,234.339
gen2|methyl_add@1,CC(C(=O)O)c1ccc(CC(C)C(C)C)cc1,True,0.8428892547995579,2.700831396067782,3.7093000000000025,-1.2093000000000025,-4.039760800000002,0.0,234.33899999999997
gen2|methyl_add@2,CCC(C)(C)Cc1ccc(C(C)C(=O)O)cc1,True,0.8397359203844647,2.569021960452222,3.8534000000000024,-1.3534000000000024,-4.130543800000001,0.0,234.33899999999997
gen2|methyl_add@3,CCC(CC)Cc1ccc(C(C)C(=O)O)cc1,True,0.8112867986470567,2.4477027631278077,3.8534000000000024,-1.3534000000000024,-4.064543800000002,0.0,234.339
gen2|methyl_add@4,CCC(C)C(C)c1ccc(C(C)C(=O)O)cc1,True,0.834939587436967,3.019032723679273,4.024300000000003,-1.5243000000000029,-4.238210800000002,0.0,234.33899999999997
gen2|methyl_add@6,CCC(C)Cc1ccc(C(C)C(=O)O)cc1C,True,0.8416150757865403,2.839206780683167,3.771720000000002,-1.271720000000002,-4.079085400000001,0.0,234.33899999999997
gen2|methyl_add@7,CCC(C)Cc1ccc(C(C)C(=O)O)c(C)c1,True,0.8416150757865403,2.852280626837013,3.771720000000002,-1.271720000000002,-4.079085400000001,0.0,234.33899999999997
gen2|methyl_add@9,CCC(C)Cc1ccc(C(C)(C)C(=O)O)cc1,True,0.8441959894572321,2.4871204219906833,3.637400000000002,-1.1374000000000022,-3.994463800000001,0.0,234.33899999999997
gen2|methyl_add@10,CCC(C)Cc1ccc(C(CC)C(=O)O)cc1,True,0.8112867986470567,2.667540493057748,3.8534000000000024,-1.3534000000000024,-4.064543800000001,0.0,234.33899999999997
gen2|methyl_remove@0,CC(C)Cc1ccc(C(C)C(=O)O)cc1,True,0.8215995486924976,2.1917554204925054,3.073200000000001,-0.5732000000000008,-3.5310830000000006,0.0,206.28499999999997
gen2|methyl_remove@3,CCCCc1ccc(C(C)C(=O)O)cc1,True,0.802741608756598,2.11379904150564,3.2173000000000016,-0.7173000000000016,-3.555866000000001,0.0,206.28499999999997
gen2|methyl_remove@10,CCC(C)Cc1ccc(CC(=O)O)cc1,True,0.8038893125676474,2.162439566833971,2.902300000000001,-0.4023000000000012,-3.3574160000000006,0.0,206.28499999999997
gen2|ring_F@6,CCC(C)Cc1ccc(C(C)C(=O)O)cc1F,True,0.8505314675262716,2.857077549913935,3.602400000000002,-1.102400000000002,-3.9969844000000005,0.0,238.30199999999996
gen2|ring_Cl@6,CCC(C)Cc1ccc(C(C)C(=O)O)cc1Cl,True,0.8583851773298579,2.842717549913935,4.1167000000000025,-1.6167000000000025,-4.423014400000001,0.0,254.75699999999998
gen2|ring_OH@6,CCC(C)Cc1ccc(C(C)C(=O)O)cc1O,True,0.8251653174638934,2.969729857606243,3.168900000000001,-0.6689000000000012,-3.711535200000001,0.0,236.31099999999998
gen2|ring_F@7,CCC(C)Cc1ccc(C(C)C(=O)O)c(F)c1,True,0.8505314675262716,2.913634472990857,3.602400000000002,-1.102400000000002,-3.9969844000000005,0.0,238.30199999999996
gen2|ring_Cl@7,CCC(C)Cc1ccc(C(C)C(=O)O)c(Cl)c1,True,0.8583851773298579,2.8801113960677824,4.1167000000000025,-1.6167000000000025,-4.423014400000001,0.0,254.75699999999998
gen2|ring_OH@7,CCC(C)Cc1ccc(C(C)C(=O)O)c(O)c1,True,0.8251653174638934,2.976797549913936,3.1689000000000016,-0.6689000000000016,-3.711535200000001,0.0,236.31099999999998
gen2|methyl_add@0,CCC(C(=O)O)c1ccc(CC(C)(C)C)cc1,True,0.8586896352570556,2.46168657583684,3.8534000000000033,-1.3534000000000033,-4.1965438000000015,0.0,234.33899999999994
gen2|methyl_add@1,CC(C)(C)Cc1ccc(C(C)(C)C(=O)O)cc1,True,0.8666116969473212,2.110578120302094,3.637400000000002,-1.1374000000000022,-4.126463800000001,0.0,234.33899999999997
gen2|methyl_add@6,Cc1cc(CC(C)(C)C)ccc1C(C)C(=O)O,True,0.8639622529748727,2.6392248975151595,3.771720000000002,-1.271720000000002,-4.211085400000001,0.0,234.339
gen2|methyl_add@7,Cc1cc(C(C)C(=O)O)ccc1CC(C)(C)C,True,0.8639622529748726,2.6392154569557196,3.771720000000003,-1.2717200000000028,-4.211085400000002,0.0,234.33899999999997
gen2|methyl_add@9,CC(C(=O)O)c1ccc(C(C)C(C)(C)C)cc1,True,0.8571095121909519,2.8544890184454026,4.024300000000004,-1.5243000000000038,-4.370210800000002,0.0,234.33899999999997
gen2|methyl_remove@0,CC(C)(C)Cc1ccc(CC(=O)O)cc1,True,0.8252347677817984,1.7831242726500722,2.902300000000001,-0.4023000000000012,-3.4894160000000003,0.0,206.28499999999997
gen2|ring_F@6,CC(C(=O)O)c1ccc(CC(C)(C)C)cc1F,True,0.8731153992498076,2.701973149263411,3.602400000000003,-1.102400000000003,-4.128984400000001,0.0,238.30199999999994
gen2|ring_Cl@6,CC(C(=O)O)c1ccc(CC(C)(C)C)cc1Cl,True,0.8811776464829337,2.667688184228446,4.116700000000003,-1.6167000000000034,-4.555014400000001,0.0,254.75699999999995
gen2|ring_OH@6,CC(C(=O)O)c1ccc(CC(C)(C)C)cc1O,True,0.8470757086742678,2.7665717506620133,3.168900000000002,-0.668900000000002,-3.8435352000000007,0.0,236.31099999999995
gen2|ring_F@7,CC(C(=O)O)c1ccc(CC(C)(C)C)c(F)c1,True,0.8731153992498076,2.656925946466208,3.602400000000003,-1.102400000000003,-4.128984400000001,0.0,238.30199999999994
gen2|ring_Cl@7,CC(C(=O)O)c1ccc(CC(C)(C)C)c(Cl)c1,True,0.8811776464829337,2.6367734989137617,4.116700000000003,-1.6167000000000034,-4.555014400000001,0.0,254.75699999999995
gen2|ring_OH@7,CC(C(=O)O)c1ccc(CC(C)(C)C)c(O)c1,True,0.8470757086742678,2.7557748975151597,3.1689000000000016,-0.6689000000000016,-3.8435352000000007,0.0,236.31099999999995
gen2|methyl_add@0,CCC(C(=O)O)c1ccc(C(C)C(C)C)cc1,True,0.834939587436967,2.788256011452397,4.024300000000003,-1.5243000000000029,-4.238210800000002,0.0,234.33899999999997
gen2|methyl_add@1,CC(C)C(C)c1ccc(C(C)(C)C(=O)O)cc1,True,0.8597820543936302,2.612020352060613,3.8083000000000027,-1.3083000000000027,-4.168130800000002,0.0,234.33899999999997
gen2|methyl_add@6,Cc1cc(C(C)C(C)C)ccc1C(C)C(=O)O,True,0.8562867615560519,2.982978179284565,3.9426200000000025,-1.4426200000000025,-4.252752400000001,0.0,234.339
gen2|methyl_add@7,Cc1cc(C(C)C(=O)O)ccc1C(C)C(C)C,True,0.8562867615560519,2.967020486976873,3.9426200000000025,-1.4426200000000025,-4.252752400000001,0.0,234.339
gen2|methyl_add@9,CC(C(=O)O)c1ccc(C(C)(C)C(C)C)cc1,True,0.8597820543936302,2.6221343380746003,3.8083000000000027,-1.3083000000000027,-4.168130800000002,0.0,234.33899999999997
gen2|methyl_add@10,CCC(c1ccc(C(C)C(=O)O)cc1)C(C)C,True,0.834939587436967,2.8122498576062434,4.024300000000003,-1.5243000000000029,-4.238210800000002,0.0,234.33899999999997
gen2|methyl_remove@0,CC(C)C(C)c1ccc(CC(=O)O)cc1,True,0.8215995486924976,2.2930296512617367,3.073200000000001,-0.5732000000000008,-3.5310830000000006,0.0,206.28499999999997
gen2|methyl_remove@12,CCC(C)c1ccc(C(C)C(=O)O)cc1,True,0.8194684243816065,2.5447994714926807,3.388200000000001,-0.8882000000000012,-3.729533000000001,0.0,206.28499999999997
gen2|ring_F@6,CC(C(=O)O)c1ccc(C(C)C(C)C)cc1F,True,0.8664421307559925,3.0481809764873615,3.7733000000000025,-1.2733000000000025,-4.1706514000000015,0.0,238.30199999999996
gen2|ring_Cl@6,CC(C(=O)O)c1ccc(C(C)C(C)C)cc1Cl,True,0.8704496582329422,3.0209386687950532,4.287600000000004,-1.7876000000000039,-4.596681400000002,0.0,254.75699999999998
gen2|ring_OH@6,CC(C(=O)O)c1ccc(C(C)C(C)C)cc1O,True,0.8425313423749581,3.117537619844005,3.3398000000000025,-0.8398000000000025,-3.885202200000002,0.0,236.31099999999998
gen2|ring_F@7,CC(C(=O)O)c1ccc(C(C)C(C)C)c(F)c1,True,0.8664421307559925,2.9887904170468023,3.7733000000000025,-1.2733000000000025,-4.1706514000000015,0.0,238.30199999999996
gen2|ring_Cl@7,CC(C(=O)O)c1ccc(C(C)C(C)C)c(Cl)c1,True,0.8704496582329422,3.0285414659978507,4.287600000000004,-1.7876000000000039,-4.596681400000002,0.0,254.75699999999998
gen2|ring_OH@7,CC(C(=O)O)c1ccc(C(C)C(C)C)c(O)c1,True,0.8425313423749581,3.1101236338300193,3.339800000000002,-0.8398000000000021,-3.885202200000002,0.0,236.31099999999998
gen2|methyl_add@0,CCc1cc(C(C)C(=O)O)ccc1CC(C)C,True,0.8442265993761928,2.577160421990685,3.635600000000002,-1.135600000000002,-3.9933298000000006,0.0,234.33899999999997
gen2|methyl_add@2,Cc1c(CC(C)C)ccc(C(C)C(=O)O)c1C,True,0.8622888533829214,2.739839233179495,3.6900400000000024,-1.1900400000000024,-4.0936270000000015,0.0,234.33899999999997
gen2|methyl_add@4,Cc1cc(C(C)(C)C(=O)O)ccc1CC(C)C,True,0.8645707367787422,2.1794123860363595,3.5557200000000018,-1.0557200000000018,-4.009005400000001,0.0,234.339
gen2|methyl_add@5,CCC(C(=O)O)c1ccc(CC(C)C)c(C)c1,True,0.8416150757865403,2.538394268144531,3.771720000000003,-1.2717200000000028,-4.079085400000001,0.0,234.33899999999994
gen2|methyl_add@9,Cc1cc(C(C)C(=O)O)c(C)cc1CC(C)C,True,0.8622888533829214,2.7199888835291475,3.6900400000000024,-1.1900400000000024,-4.0936270000000015,0.0,234.33899999999997
gen2|methyl_add@10,Cc1cc(C(C)C(=O)O)cc(C)c1CC(C)C,True,0.8622888533829214,2.6495748975151585,3.6900400000000024,-1.1900400000000024,-4.0936270000000015,0.0,234.33899999999997
gen2|methyl_remove@5,Cc1cc(CC(=O)O)ccc1CC(C)C,True,0.8220888271253635,1.8624523495731484,2.820620000000001,-0.3206200000000008,-3.3719576,0.0,206.28499999999997
gen2|methyl_remove@14,CCCc1ccc(C(C)C(=O)O)cc1C,True,0.8213241406518434,2.385245035877123,3.135620000000001,-0.6356200000000012,-3.5704076000000002,0.0,206.28499999999997
gen2|ring_F@2,Cc1c(CC(C)C)ccc(C(C)C(=O)O)c1F,True,0.8709729175071673,2.84972419821446,3.5207200000000016,-1.0207200000000016,-4.011526000000001,0.0,238.30199999999996
gen2|ring_Cl@2,Cc1c(CC(C)C)ccc(C(C)C(=O)O)c1Cl,True,0.8807065685268299,2.8678280443683075,4.035020000000003,-1.535020000000003,-4.437556000000002,0.0,254.75699999999998
gen2|ring_OH@2,Cc1c(CC(C)C)ccc(C(C)C(=O)O)c1O,True,0.8441946815072647,2.9022388835291455,3.0872200000000016,-0.5872200000000016,-3.7260768000000013,0.0,236.31099999999998
gen2|ring_F@9,Cc1cc(C(C)C(=O)O)c(F)cc1CC(C)C,True,0.8709729175071673,2.7862584639487267,3.5207200000000016,-1.0207200000000016,-4.011526000000001,0.0,238.30199999999996
gen2|ring_Cl@9,Cc1cc(C(C)C(=O)O)c(Cl)cc1CC(C)C,True,0.88070656852683,2.745749023389287,4.035020000000002,-1.535020000000002,-4.437556000000001,0.0,254.75699999999998
gen2|ring_OH@9,Cc1cc(C(C)C(=O)O)c(O)cc1CC(C)C,True,0.8441946815072647,2.814721750662013,3.087220000000001,-0.5872200000000012,-3.7260768000000004,0.0,236.31099999999998
gen2|ring_F@10,Cc1cc(C(C)C(=O)O)cc(F)c1CC(C)C,True,0.8709729175071673,2.7868972751375374,3.5207200000000016,-1.0207200000000016,-4.011526000000001,0.0,238.30199999999996
gen2|ring_Cl@10,Cc1cc(C(C)C(=O)O)cc(Cl)c1CC(C)C,True,0.8807065685268299,2.7525682541585166,4.035020000000003,-1.535020000000003,-4.437556000000002,0.0,254.75699999999998
gen2|ring_OH@10,Cc1cc(C(C)C(=O)O)cc(O)c1CC(C)C,True,0.8441946815072647,2.8463602122004747,3.087220000000001,-0.5872200000000012,-3.7260768000000004,0.0,236.31099999999998
gen2|methyl_add@0,CCc1cc(CC(C)C)ccc1C(C)C(=O)O,True,0.8442265993761928,2.5877142681445306,3.635600000000002,-1.135600000000002,-3.9933298000000015,0.0,234.339
gen2|methyl_add@9,Cc1cc(CC(C)C)cc(C)c1C(C)C(=O)O,True,0.8622888533829214,2.6758574149976777,3.6900400000000015,-1.1900400000000015,-4.093627000000001,0.0,234.33899999999997
gen2|methyl_add@11,Cc1cc(CC(C)C)ccc1C(C)(C)C(=O)O,True,0.8645707367787421,2.2232480503720247,3.5557200000000018,-1.0557200000000018,-4.009005400000001,0.0,234.33899999999997
gen2|methyl_add@12,CCC(C(=O)O)c1ccc(CC(C)C)cc1C,True,0.8416150757865403,2.5309327296829913,3.771720000000003,-1.2717200000000028,-4.079085400000001,0.0,234.33899999999994
gen2|methyl_remove@6,CCCc1ccc(C(C)C(=O)O)c(C)c1,True,0.8213241406518434,2.402580420492507,3.135620000000001,-0.6356200000000012,-3.5704076000000002,0.0,206.28499999999997
gen2|methyl_remove@12,Cc1cc(CC(C)C)ccc1CC(=O)O,True,0.8220888271253635,1.8507973495731473,2.820620000000001,-0.3206200000000008,-3.3719576,0.0,206.28499999999997
gen2|ring_F@2,Cc1c(C(C)C(=O)O)ccc(CC(C)C)c1F,True,0.8709729175071673,2.8770546177948795,3.5207200000000025,-1.0207200000000025,-4.011526000000001,0.0,238.30199999999996
gen2|ring_Cl@2,Cc1c(C(C)C(=O)O)ccc(CC(C)C)c1Cl,True,0.8807065685268299,2.8735867856270474,4.035020000000003,-1.535020000000003,-4.437556000000002,0.0,254.75699999999998
gen2|ring_OH@2,Cc1c(C(C)C(=O)O)ccc(CC(C)C)c1O,True,0.8441946815072647,2.845299722689985,3.0872200000000016,-0.5872200000000016,-3.7260768000000013,0.0,236.31099999999998
gen2|ring_F@8,Cc1cc(CC(C)C)c(F)cc1C(C)C(=O)O,True,0.8709729175071673,2.7365098625501254,3.5207200000000016,-1.0207200000000016,-4.011526000000001,0.0,238.302
gen2|ring_Cl@8,Cc1cc(CC(C)C)c(Cl)cc1C(C)C(=O)O,True,0.88070656852683,2.744704268144531,4.035020000000002,-1.535020000000002,-4.437556000000002,0.0,254.757
gen2|ring_OH@8,Cc1cc(CC(C)C)c(O)cc1C(C)C(=O)O,True,0.8441946815072647,2.850262310102572,3.0872200000000003,-0.5872200000000003,-3.7260768000000004,0.0,236.311
gen2|ring_F@9,Cc1cc(CC(C)C)cc(F)c1C(C)C(=O)O,True,0.8709729175071673,2.7408430793333416,3.5207200000000016,-1.0207200000000016,-4.011526000000001,0.0,238.30199999999996
gen2|ring_Cl@9,Cc1cc(CC(C)C)cc(Cl)c1C(C)C(=O)O,True,0.8807065685268299,2.748524547864811,4.035020000000003,-1.535020000000003,-4.437556000000002,0.0,254.75699999999998
gen2|ring_OH@9,Cc1cc(CC(C)C)cc(O)c1C(C)C(=O)O,True,0.8441946815072647,2.780342380032641,3.087220000000001,-0.5872200000000012,-3.7260768000000004,0.0,236.31099999999998
