name,smiles,qed,sa,logp,logp_fit,logs,tox,mw,mutation,kept,on_front
methyl_remove@0,CCCc1ccc(C(C)C(=O)O)cc1,0.7960290476843871,2.1239140209839658,2.8272000000000004,-0.3272000000000004,-3.2891356000000007,0.0,192.25799999999998,methyl_remove@0,True,True
ring_Cl@5,CC(C)Cc1ccc(C(C)C(=O)O)cc1Cl,0.8709205568185443,2.4613548429709873,3.726600000000002,-1.2266000000000021,-4.156284000000001,0.0,240.72999999999996,ring_Cl@5,True,True
gen2|methyl_add@9,CCC(C)Cc1ccc(C(C)(C)C(=O)O)cc1,0.8441959894572321,2.4871204219906833,3.637400000000002,-1.1374000000000022,-3.994463800000001,0.0,234.33899999999997,gen2|methyl_add@9,True,True
gen2|methyl_remove@10,CCC(C)Cc1ccc(CC(=O)O)cc1,0.8038893125676474,2.162439566833971,2.902300000000001,-0.4023000000000012,-3.3574160000000006,0.0,206.28499999999997,gen2|methyl_remove@10,True,True
gen2|methyl_add@1,CC(C)(C)Cc1ccc(C(C)(C)C(=O)O)cc1,0.8666116969473212,2.110578120302094,3.637400000000002,-1.1374000000000022,-4.126463800000001,0.0,234.33899999999997,gen2|methyl_add@1,True,True
gen2|methyl_remove@0,CC(C)(C)Cc1ccc(CC(=O)O)cc1,0.8252347677817984,1.7831242726500722,2.902300000000001,-0.4023000000000012,-3.4894160000000003,0.0,206.28499999999997,gen2|methyl_remove@0,True,True
gen2|ring_F@6,CC(C(=O)O)c1ccc(CC(C)(C)C)cc1F,0.8731153992498076,2.701973149263411,3.602400000000003,-1.102400000000003,-4.128984400000001,0.0,238.30199999999994,gen2|ring_F@6,True,True
gen2|ring_Cl@7,CC(C(=O)O)c1ccc(CC(C)(C)C)c(Cl)c1,0.8811776464829337,2.6367734989137617,4.116700000000003,-1.6167000000000034,-4.555014400000001,0.0,254.75699999999995,gen2|ring_Cl@7,True,True
gen2|methyl_add@4,Cc1cc(C(C)(C)C(=O)O)ccc1CC(C)C,0.8645707367787422,2.1794123860363595,3.5557200000000018,-1.0557200000000018,-4.009005400000001,0.0,234.339,gen2|methyl_add@4,True,True
gen2|ring_Cl@10,Cc1cc(C(C)C(=O)O)cc(Cl)c1CC(C)C,0.8807065685268299,2.7525682541585166,4.035020000000003,-1.535020000000003,-4.437556000000002,0.0,254.75699999999998,gen2|ring_Cl@10,True,True
gen2|ring_OH@10,Cc1cc(C(C)C(=O)O)cc(O)c1CC(C)C,0.8441946815072647,2.8463602122004747,3.087220000000001,-0.5872200000000012,-3.7260768000000004,0.0,236.31099999999998,gen2|ring_OH@10,True,True
gen2|methyl_remove@12,Cc1cc(CC(C)C)ccc1CC(=O)O,0.8220888271253635,1.8507973495731473,2.820620000000001,-0.3206200000000008,-3.3719576,0.0,206.28499999999997,gen2|methyl_remove@12,True,True
gen2|ring_F@9,Cc1cc(CC(C)C)cc(F)c1C(C)C(=O)O,0.8709729175071673,2.7408430793333416,3.5207200000000016,-1.0207200000000016,-4.011526000000001,0.0,238.30199999999996,gen2|ring_F@9,True,True
